SampleID,NORM_OutputPostprocessing,Locus,loi,CNV_result,QC,slope
N3D7_Dd2_k13_0_S162,0.0126477466422489,Pf3D7_05_v3-958372-958608-1B,MDR1,CNV,good,good
N3D7_Dd2_k13_0_S162,0.0152921737638515,Pf3D7_05_v3-958920-959168-1B,MDR1,CNV,good,good
N3D7_Dd2_k13_0_S162,0.0199283132732338,Pf3D7_05_v3-960810-961048-1B,MDR1,CNV,good,good
N3D7_Dd2_k13_0_S162,0.0185445580375292,Pf3D7_05_v3-961511-961758-1B,MDR1,CNV,good,good
N3D7_Dd2_k13_1_S161,0.0132009512001789,Pf3D7_05_v3-958920-959168-1B,MDR1,CNV,good,good
N3D7_Dd2_k13_1_S161,0.0184853966382797,Pf3D7_05_v3-960810-961048-1B,MDR1,CNV,good,good
N3D7_Dd2_k13_1_S161,0.0178756529338835,Pf3D7_05_v3-961511-961758-1B,MDR1,CNV,good,good
N3D7_Dd2_k13_2_S160,0.0137751134154245,Pf3D7_05_v3-958372-958608-1B,MDR1,CNV,good,good
N3D7_Dd2_k13_2_S160,0.0144069993519119,Pf3D7_05_v3-958920-959168-1B,MDR1,CNV,good,good
N3D7_Dd2_k13_2_S160,0.0193195074530136,Pf3D7_05_v3-960810-961048-1B,MDR1,CNV,good,good
N3D7_Dd2_k13_2_S160,0.0192611795204148,Pf3D7_05_v3-961511-961758-1B,MDR1,CNV,good,good
N3D7_Dd2_k13_5_S159,0.0130103900066103,Pf3D7_05_v3-958372-958608-1B,MDR1,CNV,good,good
N3D7_Dd2_k13_5_S159,0.0149561856980627,Pf3D7_05_v3-958920-959168-1B,MDR1,CNV,good,good
N3D7_Dd2_k13_5_S159,0.0190037119273208,Pf3D7_05_v3-960810-961048-1B,MDR1,CNV,good,good
N3D7_Dd2_k13_5_S159,0.0181291208325565,Pf3D7_05_v3-961511-961758-1B,MDR1,CNV,good,good
N3D7_Dd2_k13_10_S158,0.0147760229818702,Pf3D7_05_v3-958372-958608-1B,MDR1,CNV,good,good
N3D7_Dd2_k13_10_S158,0.0155182604153781,Pf3D7_05_v3-958920-959168-1B,MDR1,CNV,good,good
N3D7_Dd2_k13_10_S158,0.0199785575852542,Pf3D7_05_v3-960810-961048-1B,MDR1,CNV,good,good
N3D7_Dd2_k13_10_S158,0.0197242725385895,Pf3D7_05_v3-961511-961758-1B,MDR1,CNV,good,good
N3D7_Dd2_k13_25_S157,0.0123242907183041,Pf3D7_05_v3-958920-959168-1B,MDR1,CNV,good,good
N3D7_Dd2_k13_25_S157,0.0161379592703231,Pf3D7_05_v3-960810-961048-1B,MDR1,CNV,good,good
N3D7_Dd2_k13_25_S157,0.0149817277510728,Pf3D7_05_v3-961511-961758-1B,MDR1,CNV,good,good
N3D7_Dd2_k13_40_S156,0.0142272665826144,Pf3D7_05_v3-960810-961048-1B,MDR1,CNV,good,good
N3D7_Dd2_k13_40_S156,0.014536255114174,Pf3D7_05_v3-961511-961758-1B,MDR1,CNV,good,good
N3D7_Dd2_k13_50_S155,0.0142029703142926,Pf3D7_05_v3-960810-961048-1B,MDR1,CNV,good,good
N3D7_Dd2_k13_50_S155,0.0133904753270031,Pf3D7_05_v3-961511-961758-1B,MDR1,CNV,good,good
N3D7_Dd2_k13_60_S154,0.0128113387794539,Pf3D7_05_v3-960810-961048-1B,MDR1,CNV,good,good
N3D7_Dd2_k13_60_S154,0.01251711750326,Pf3D7_05_v3-961511-961758-1B,MDR1,CNV,good,good
N3D7_Dd2_k13_75_S153,0.0121475551929842,Pf3D7_05_v3-961511-961758-1B,MDR1,CNV,good,good
NPM2_4_S276,0.0185679670462806,Pf3D7_14_v3-293575-293829-1B,PM2,CNV,good,good
NPM2_4_S276,0.0148994426944512,Pf3D7_14_v3-294503-294768-2,PM2,CNV,good,good
NPM2_4_S276,0.0231160649382118,Pf3D7_14_v3-297583-297856-1B,PM3,CNV,good,good
NPM2_4_S276,0.0200533074872789,Pf3D7_14_v3-298368-298636-1B,PM3,CNV,good,good
